Date;Holiday;site_id
2012-11-01;All Saints Day;038
2016-03-25;Independence Day;334_61
2014-03-03;Clean Monday;334_61
2010-07-14;Bastille Day;038
2012-03-25;Annunciation;334_61
2015-05-08;Victory in Europe Day;038
2014-08-15;Assumption of Mary to Heaven;334_61
2017-12-25;Christmas Day;334_61
2012-05-08;Victory in Europe Day;038
2013-04-01;Easter Monday;038
2011-06-12;Pentecost;334_61
2017-05-01;Labour Day;038
2018-05-08;Victory in Europe Day;038
2013-05-01;Labour Day;038
2011-11-11;Armistice Day;038
2012-12-25;Christmas Day;038
2013-01-01;New year;038
2016-12-25;Christmas Day;334_61
2010-05-13;Ascension Thursday;038
2013-06-23;Pentecost;334_61
2014-07-14;Bastille Day;038
2018-03-25;Annunciation;334_61
2018-08-15;Assumption of Mary to Heaven;038
2013-05-05;Easter Sunday;334_61
2010-05-24;Whit Monday;038
2011-01-01;New year;038
2015-04-12;Easter Sunday;334_61
2010-05-08;Victory in Europe Day;038
2011-06-13;Whit Monday;334_61
2013-05-09;Ascension Thursday;038
2016-12-25;Christmas Day;038
2017-08-15;Assumption of Mary to Heaven;038
2010-12-25;Christmas Day;334_61
2015-07-14;Bastille Day;038
2015-08-15;Assumption of Mary to Heaven;038
2014-06-08;Pentecost;334_61
2018-02-19;Clean Monday;334_61
2018-04-06;Good Friday;334_61
2013-07-14;Bastille Day;038
2015-11-11;Armistice Day;038
2016-06-20;Whit Monday;334_61
2016-04-29;Good Friday;334_61
2011-03-25;Independence Day;334_61
2012-08-15;Assumption of Mary to Heaven;334_61
2010-11-01;All Saints Day;038
2015-01-01;New year;334_61
2012-01-06;Epiphany;334_61
2014-12-26;Glorifying Mother of God;334_61
2010-08-15;Assumption of Mary to Heaven;038
2012-04-09;Easter Monday;038
2014-11-01;All Saints Day;038
2014-05-29;Ascension Thursday;038
2016-11-01;All Saints Day;038
2012-05-28;Whit Monday;038
2014-06-09;Whit Monday;038
2011-03-07;Clean Monday;334_61
2012-04-16;Easter Monday;334_61
2012-05-01;Labour Day;038
2018-04-02;Easter Monday;038
2011-01-01;New year;334_61
2013-05-08;Victory in Europe Day;038
2013-05-20;Whit Monday;038
2013-11-01;All Saints Day;038
2011-08-15;Assumption of Mary to Heaven;038
2017-05-01;Labour Day;334_61
2012-07-14;Bastille Day;038
2017-04-16;Easter Sunday;334_61
2013-03-25;Independence Day;334_61
2017-04-14;Good Friday;334_61
2018-12-25;Christmas Day;334_61
2015-01-01;New year;038
2016-05-01;Labour Day;038
2014-01-01;New year;038
2011-04-22;Good Friday;334_61
2014-01-01;New year;334_61
2014-04-21;Easter Monday;334_61
2017-11-11;Armistice Day;038
2010-01-06;Epiphany;334_61
2013-05-06;Easter Monday;334_61
2015-03-25;Annunciation;334_61
2018-11-11;Armistice Day;038
2013-12-25;Christmas Day;334_61
2010-12-25;Christmas Day;038
2010-10-28;Ohi Day;334_61
2014-04-21;Easter Monday;038
2011-08-15;Assumption of Mary to Heaven;334_61
2015-05-31;Pentecost;334_61
2018-05-01;Labour Day;038
2010-01-01;New year;038
2016-03-14;Clean Monday;334_61
2013-12-26;Glorifying Mother of God;334_61
2011-12-25;Christmas Day;038
2016-03-25;Annunciation;334_61
2010-08-15;Assumption of Mary to Heaven;334_61
2015-08-15;Assumption of Mary to Heaven;334_61
2012-10-28;Ohi Day;334_61
2014-04-18;Good Friday;334_61
2018-07-14;Bastille Day;038
2013-12-25;Christmas Day;038
2014-11-11;Armistice Day;038
2017-06-05;Whit Monday;334_61
2010-01-01;New year;334_61
2014-06-09;Whit Monday;334_61
2014-05-01;Labour Day;038
2015-05-25;Whit Monday;038
2017-03-25;Independence Day;334_61
2015-04-10;Good Friday;334_61
2017-03-25;Annunciation;334_61
2017-04-17;Easter Monday;038
2015-11-01;All Saints Day;038
2011-06-13;Whit Monday;038
2012-05-01;Labour Day;334_61
2016-08-15;Assumption of Mary to Heaven;038
2018-01-01;New year;038
2012-12-26;Glorifying Mother of God;334_61
2010-04-05;Easter Monday;334_61
2017-06-04;Pentecost;334_61
2015-06-01;Whit Monday;334_61
2017-06-05;Whit Monday;038
2010-03-25;Independence Day;334_61
2018-05-10;Ascension Thursday;038
2016-01-01;New year;038
2012-04-15;Easter Sunday;334_61
2016-05-16;Whit Monday;038
2011-05-01;Labour Day;334_61
2014-01-06;Epiphany;334_61
2014-03-25;Annunciation;334_61
2012-03-25;Independence Day;334_61
2016-06-19;Pentecost;334_61
2017-04-17;Easter Monday;334_61
2015-02-23;Clean Monday;334_61
2014-12-25;Christmas Day;038
2018-05-28;Whit Monday;334_61
2014-10-28;Ohi Day;334_61
2010-05-24;Whit Monday;334_61
2016-03-28;Easter Monday;038
2012-08-15;Assumption of Mary to Heaven;038
2016-08-15;Assumption of Mary to Heaven;334_61
2017-12-25;Christmas Day;038
2010-04-05;Easter Monday;038
2017-01-01;New year;038
2018-05-21;Whit Monday;038
2014-03-25;Independence Day;334_61
2018-05-01;Labour Day;334_61
2013-05-03;Good Friday;334_61
2016-07-14;Bastille Day;038
2014-05-08;Victory in Europe Day;038
2018-10-28;Ohi Day;334_61
2010-02-15;Clean Monday;334_61
2016-05-01;Easter Sunday;334_61
2011-01-06;Epiphany;334_61
2013-05-01;Labour Day;334_61
2010-04-04;Easter Sunday;334_61
2011-12-25;Christmas Day;334_61
2015-03-25;Independence Day;334_61
2016-11-11;Armistice Day;038
2018-12-26;Glorifying Mother of God;334_61
2017-11-01;All Saints Day;038
2012-05-17;Ascension Thursday;038
2017-10-28;Ohi Day;334_61
2016-12-26;Glorifying Mother of God;334_61
2018-04-09;Easter Monday;334_61
2010-03-25;Annunciation;334_61
2010-05-01;Labour Day;038
2017-08-15;Assumption of Mary to Heaven;334_61
2014-04-20;Easter Sunday;334_61
2011-11-01;All Saints Day;038
2015-04-13;Easter Monday;334_61
2010-12-26;Glorifying Mother of God;334_61
2015-05-01;Labour Day;334_61
2011-07-14;Bastille Day;038
2011-12-26;Glorifying Mother of God;334_61
2014-08-15;Assumption of Mary to Heaven;038
2012-02-27;Clean Monday;334_61
2018-11-01;All Saints Day;038
2016-10-28;Ohi Day;334_61
2018-01-01;New year;334_61
2018-08-15;Assumption of Mary to Heaven;334_61
2017-07-14;Bastille Day;038
2011-04-25;Easter Monday;038
2011-06-02;Ascension Thursday;038
2012-01-01;New year;038
2015-12-25;Christmas Day;038
2018-01-06;Epiphany;334_61
2011-10-28;Ohi Day;334_61
2013-06-24;Whit Monday;334_61
2010-11-11;Armistice Day;038
2017-05-25;Ascension Thursday;038
2018-04-08;Easter Sunday;334_61
2017-01-01;New year;334_61
2012-01-01;New year;334_61
2017-05-08;Victory in Europe Day;038
2016-05-05;Ascension Thursday;038
2011-05-08;Victory in Europe Day;038
2013-08-15;Assumption of Mary to Heaven;038
2012-12-25;Christmas Day;334_61
2018-12-25;Christmas Day;038
2017-12-26;Glorifying Mother of God;334_61
2010-04-02;Good Friday;334_61
2010-05-01;Labour Day;334_61
2015-12-26;Glorifying Mother of God;334_61
2017-02-27;Clean Monday;334_61
2015-04-06;Easter Monday;038
2012-04-13;Good Friday;334_61
2017-01-06;Epiphany;334_61
2015-05-14;Ascension Thursday;038
2015-10-28;Ohi Day;334_61
2013-03-25;Annunciation;334_61
2014-12-25;Christmas Day;334_61
2016-05-08;Victory in Europe Day;038
2011-05-01;Labour Day;038
2013-03-18;Clean Monday;334_61
2011-04-25;Easter Monday;334_61
2016-01-06;Epiphany;334_61
2015-05-01;Labour Day;038
2013-01-06;Epiphany;334_61
2014-05-01;Labour Day;334_61
2018-03-25;Independence Day;334_61
2015-12-25;Christmas Day;334_61
2015-01-06;Epiphany;334_61
2018-05-27;Pentecost;334_61
2013-01-01;New year;334_61
2012-06-04;Whit Monday;334_61
2011-03-25;Annunciation;334_61
2016-01-01;New year;334_61
2010-05-23;Pentecost;334_61
2013-10-28;Ohi Day;334_61
2012-11-11;Armistice Day;038
2016-05-01;Labour Day;334_61
2016-05-02;Easter Monday;334_61
2012-06-03;Pentecost;334_61
2013-08-15;Assumption of Mary to Heaven;334_61
2013-11-11;Armistice Day;038
2011-04-24;Easter Sunday;334_61
