site_id;meter_id;meter_description;units;surface;activity
038;38_9712;other;kWh;;office
038;38_52306;other;kWh;;laboratory
038;38_9737;other;kWh;;office
038;38_52329;temperature;degree celsius;;office
038;38_9708;other;kWh;;office
038;38_9715;other;kWh;;office
038;38_9713;other;kWh;;office
038;38_9799;temperature;degree celsius;;office
038;38_9789;temperature;degree celsius;;office
234_203;938;main meter;Wh;5750.0;office
038;38_9725;other;kWh;;office
038;38_56732;heating;kWh;;general
038;38_9793;temperature;degree celsius;;office
038;38_56735;heating;kWh;;office
038;38_9747;other;kWh;;restaurant
038;38_9756;other;kWh;;office
038;38_56738;other;kWh;;general
038;38_9686;main meter;kWh;;general
038;38_10116;lighting;kWh;;restaurant
038;38_52325;temperature;degree celsius;;office
038;38_56728;heating;kWh;;general
038;38_10124;other;kWh;;laboratory
038;38_9762;other;kWh;;office
038;38_52478;temperature;degree celsius;;laboratory
038;38_9755;lighting;kWh;;office
038;38_52375;other;kWh;;laboratory
234_203;869;other;Wh;5750.0;office
038;38_10110;other;kWh;;laboratory
038;38_56034;other;kWh;;laboratory
038;38_9748;lighting;kWh;;restaurant
038;38_9766;other;kWh;;office
038;38_10119;other;kWh;;office
038;38_52379;other;kWh;;restaurant
038;38_56032;other;kWh;;laboratory
038;38_56744;other;kWh;;office
038;38_52332;temperature;degree celsius;;laboratory
038;38_52323;temperature;degree celsius;;office
038;38_9765;other;kWh;;office
038;38_9738;other;kWh;;office
038;38_9791;temperature;degree celsius;;office
038;38_9733;other;kWh;;office
038;38_9764;other;kWh;;office
038;38_9801;outside temperature;degree celsius;;general
038;38_9730;other;kWh;;office
234_203;930;lighting;Wh;5750.0;office
038;38_10122;compressed air;kWh;;laboratory
234_203;875;Lighting;Wh;5750.0;office
234_203;925;heating;Wh;5750.0;office
038;38_9757;other;kWh;;office
038;38_56973;other;kWh;;office
038;38_9705;other;kWh;;office
038;38_9743;other;kWh;;office
038;38_56736;other;kWh;;general
038;38_10126;temperature;degree celsius;;laboratory
038;38_9685;RTE meter: cos phi;;;general
038;38_52473;temperature;degree celsius;;laboratory
038;38_59654;other;kWh;;laboratory
038;38_9688;main meter: reactive energy;;;general
038;38_9727;other;kWh;;office
038;38_9687;main meter : demand;;;general
038;38_10115;lighting;kWh;;restaurant
038;38_9763;other;kWh;;office
038;38_56731;heating;kWh;;general
234_203;872;elevators;Wh;5750.0;office
038;38_9693;other;kWh;;general
038;38_9678;RTE meter;kWh;;general
038;38_9788;temperature;degree celsius;;office
038;38_52467;temperature;degree celsius;;laboratory
334_61;334_61;virtual meter;Wh;2000.0;office
038;38_52470;temperature;degree celsius;;laboratory
234_203;890;other;Wh;5750.0;office
038;38_9694;other;kWh;;general
038;38_52475;temperature;degree celsius;;office
234_203;881;other;Wh;5750.0;office
234_203;920;other;Wh;5750.0;office
038;38_56031;other;kWh;;laboratory
038;38_9731;other;kWh;;office
038;38_9716;other;kWh;;office
038;38_56733;heating;kWh;;office
038;38_56741;other;kWh;;general
234_203;234_203;virtual main;Wh;5750.0;office
038;38_56740;other;kWh;;general
038;38_9739;other;kWh;;office
038;38_56734;heating;kWh;;office
234_203;902;other;Wh;5750.0;office
038;38_52477;temperature;degree celsius;;office
038;38_9790;temperature;degree celsius;;office
038;38_10112;compressed air;kWh;;laboratory
038;38_9749;other;kWh;;restaurant
038;38_56730;heating;kWh;;general
234_203;928;other;Wh;5750.0;office
038;38_9714;other;kWh;;office
038;38_9758;other;kWh;;office
038;38_9684;RTE meter: reactive;;;general
038;38_9704;other;kWh;;office
234_203;887;generator;Wh;5750.0;office
038;38_10125;lighting;kWh;;laboratory
038;38_9698;other;kWh;;restaurant
234_203;935;other;Wh;5750.0;office
038;38_52471;temperature;degree celsius;;laboratory
038;38_9752;other;kWh;;office
334_61;2;main meter;Wh;2000.0;office
038;38_56742;other;kWh;;office
038;38_9719;other;kWh;;office
038;38_9683;RTE meter: demand;;;general
038;38_52328;temperature;degree celsius;;office
038;38_9754;lighting;kWh;;office
038;38_56739;other;kWh;;general
038;38_9798;other;degree celsius;;office
038;38_52324;temperature;degree celsius;;office
234_203;896;other;Wh;5750.0;office
038;38_9709;other;kWh;;office
038;38_9682;RTE meter;kWh;;general
038;38_9728;other;kWh;;office
038;38_9740;other;kWh;;office
038;38_9711;other;kWh;;office
038;38_52476;temperature;degree celsius;;office
038;38_9689;main meter: cos phi;;;general
038;38_10107;laboratory;kWh;;laboratory
038;38_10111;cold group;kWh;;laboratory
038;38_9680;RTE meter: reactive;;;general
038;38_10106;guardhouse;kWh;;laboratory
038;38_10123;other;kWh;;laboratory
038;38_9696;other;kWh;;restaurant
038;38_52480;temperature;degree celsius;;laboratory
038;38_9697;cuisine;kWh;;restaurant
038;38_9718;other;kWh;;office
038;38_9759;other;kWh;;office
038;38_9729;other;kWh;;office
038;38_9742;other;kWh;;office
234_203;863;main meter;Wh;5750.0;office
038;38_56030;heating;kWh;;laboratory
038;38_9753;other;kWh;;office
038;38_52479;temperature;degree celsius;;laboratory
038;38_9706;other;kWh;;office
038;38_52481;temperature;degree celsius;;office
038;38_56727;heating;kWh;;general
234_203;911;other;Wh;5750.0;office
038;38_10118;lighting;kWh;;office
234_203;884;other;Wh;5750.0;office
038;38_9761;other;kWh;;office
038;38_52469;temperature;degree celsius;;laboratory
038;38_9794;temperature;degree celsius;;office
038;38_9695;other;kWh;;general
038;38_9717;other;kWh;;office
038;38_52327;temperature;degree celsius;;office
038;38_56033;other;kWh;;laboratory
038;38_9741;other;kWh;;office
038;38_9681;RTE meter: cos phi;;;general
038;38_10114;lighting;kWh;;restaurant
038;38_9796;temperature;degree celsius;;office
038;38_9797;temperature;degree celsius;;office
038;38_9792;temperature;degree celsius;;office
038;38_9703;other;kWh;;office
038;38_2;total workers;count;;general
038;38_9720;other;kWh;;office
038;38_52333;temperature;degree celsius;;general
038;38_9710;other;kWh;;office
038;38_52326;temperature;degree celsius;;office
038;38_10109;lighting;kWh;;laboratory
038;38_9707;other;kWh;;office
038;38_0;outside temperature;degree celsius;;general
038;38_9679;RTE meter: demand;;;general
038;38_9732;other;kWh;;office
038;38_9751;other;kWh;;office
038;38_9726;other;kWh;;office
038;38_10108;laboratory;kWh;;laboratory
038;38_52468;temperature;degree celsius;;laboratory
038;38_56743;other;kWh;;office
038;38_56737;other;kWh;;general
038;38_52482;temperature;degree celsius;;office
038;38_9795;temperature;degree celsius;;office
038;38_1;total workers;count;;general
038;38_52474;temperature;degree celsius;;office
038;38_10113;cuisine;kWh;;restaurant
038;38_56729;heating;kWh;;general
038;38_59804;other;kWh;;laboratory
038;38_52322;temperature;degree celsius;;office
038;38_10120;other;kWh;;laboratory
038;38_9787;temperature;degree celsius;;restaurant
038;38_52472;temperature;degree celsius;;laboratory
038;38_9699;other;kWh;;restaurant
038;38_9760;other;kWh;;office
038;38_9702;other;kWh;;office
038;38_10121;cold group;kWh;;laboratory
038;38_10117;lighting;kWh;;office
234_203;878;Test Bay;Wh;5750.0;office
